﻿d,s
"{name:Magnetic Resonance Imaging::21,cuid:C0024485}","{name:sensory loss,wikidataID:http://www.wikidata.org/entity/Q18356933}"
"{name:Hypersegmentation,cuid:C0427516}","{name:sensory loss,wikidataID:http://www.wikidata.org/entity/Q18356933}"
"{name:Magnetic Resonance Imaging::21,cuid:C0024485}","{name:osteoporosis,cuid:C0029458,wikidataID:http://www.wikidata.org/entity/Q165328}"
"{name:Hypersegmentation,cuid:C0427516}","{name:osteoporosis,cuid:C0029458,wikidataID:http://www.wikidata.org/entity/Q165328}"
"{name:Magnetic Resonance Imaging::21,cuid:C0024485}","{name:anemia,cuid:C0162119,wikidataID:http://www.wikidata.org/entity/Q5445}"
"{name:Hypersegmentation,cuid:C0427516}","{name:anemia,cuid:C0162119,wikidataID:http://www.wikidata.org/entity/Q5445}"
"{name:Magnetic Resonance Imaging::21,cuid:C0024485}","{name:cardiomyopathy,cuid:C0036529,wikidataID:http://www.wikidata.org/entity/Q847583}"
"{name:Hypersegmentation,cuid:C0427516}","{name:cardiomyopathy,cuid:C0036529,wikidataID:http://www.wikidata.org/entity/Q847583}"
"{name:genetic testing,wikidataID:http://www.wikidata.org/entity/Q285223}","{name:tremor,cuid:C0040822,wikidataID:http://www.wikidata.org/entity/Q223907}"
"{name:Magnetic Resonance Imaging::21,cuid:C0024485}","{name:cognitive dysfunction,wikidataID:http://www.wikidata.org/entity/Q57859955}"
"{name:Hypersegmentation,cuid:C0427516}","{name:cognitive dysfunction,wikidataID:http://www.wikidata.org/entity/Q57859955}"
"{name:Magnetic Resonance Imaging::21,cuid:C0024485}","{name:memory loss,wikidataID:http://www.wikidata.org/entity/Q989365}"
"{name:Hypersegmentation,cuid:C0427516}","{name:memory loss,wikidataID:http://www.wikidata.org/entity/Q989365}"
"{name:Magnetic Resonance Imaging::21,cuid:C0024485}","{name:glossitis,cuid:C0017675,wikidataID:http://www.wikidata.org/entity/Q1324237}"
"{name:Hypersegmentation,cuid:C0427516}","{name:glossitis,cuid:C0017675,wikidataID:http://www.wikidata.org/entity/Q1324237}"
"{name:Magnetic Resonance Imaging::21,cuid:C0024485}","{name:hyperpigmentation,cuid:C0162834,wikidataID:http://www.wikidata.org/entity/Q1641068}"
"{name:Hypersegmentation,cuid:C0427516}","{name:hyperpigmentation,cuid:C0162834,wikidataID:http://www.wikidata.org/entity/Q1641068}"
"{name:genetic testing,wikidataID:http://www.wikidata.org/entity/Q285223}","{name:dystonia,cuid:C0013421,wikidataID:http://www.wikidata.org/entity/Q906492}"
{name:Comprehensive Metabolic Panel (CMP)},"{name:Hyperammonemia,cuid:C0220994,wikidataID:http://www.wikidata.org/entity/Q1640868}"