﻿d2
"{name:Clostridium difficile colitis,description:colitis characterized by an overgrowth of Clostridium difficile bacteria,cuid:C1257845,wikidataID:http://www.wikidata.org/entity/Q574905}"
"{name:cryptosporidiosis,description:Human disease,cuid:C0010418,wikidataID:http://www.wikidata.org/entity/Q1359898}"
"{name:Q fever,description:disease caused by infection with Coxiella burnetii,cuid:C0034362,wikidataID:http://www.wikidata.org/entity/Q164818}"
"{name:Ebola virus disease,description:viral infectious disease found in humans and other mammals,cuid:C0282687,wikidataID:http://www.wikidata.org/entity/Q51993}"
"{name:salmonellosis,description:infection caused by Salmonella bacteria,cuid:C0036117,wikidataID:http://www.wikidata.org/entity/Q326648}"