﻿g,p
"{score:0.4,geneSymbol:TP53,geneId:7157,geneName:tumor protein p53,evidenceIndex:1.0}",{uniprotId:P04637}
"{score:1.0,geneSymbol:NOTCH3,geneId:4854,evidenceIndex:0.9776536,geneName:notch 3}",{uniprotId:Q9UM47}
"{score:0.3,geneSymbol:PTGS2,geneId:5743,geneName:prostaglandin-endoperoxide synthase 2,evidenceIndex:}",{uniprotId:P35354}
"{score:0.3,geneSymbol:HRAS,geneId:3265,geneName:HRas proto-oncogene, GTPase,evidenceIndex:}",{uniprotId:P01112}
"{score:0.3,geneSymbol:GSTT1,geneId:2952,geneName:glutathione S-transferase theta 1,evidenceIndex:}",{uniprotId:P30711}
"{score:0.3,geneSymbol:CSF3,geneId:1440,geneName:colony stimulating factor 3,evidenceIndex:}",{uniprotId:P09919}
"{score:0.3,geneSymbol:NPPA,geneId:4878,geneName:natriuretic peptide A,evidenceIndex:}",{uniprotId:P01160}
"{score:0.3,geneSymbol:SOD2,geneId:6648,geneName:superoxide dismutase 2,evidenceIndex:}",{uniprotId:P04179}
"{score:0.31,geneSymbol:HIF1A,geneId:3091,geneName:hypoxia inducible factor 1 subunit alpha,evidenceIndex:1.0}",{uniprotId:Q16665}
"{score:0.51,geneSymbol:IGF1,geneId:3479,geneName:insulin like growth factor 1,evidenceIndex:1.0}",{uniprotId:P05019}
"{score:0.42,geneSymbol:NOTCH2,geneId:4853,evidenceIndex:1.0,geneName:notch 2}",{uniprotId:Q04721}
"{score:0.3,geneSymbol:NFE2L2,geneId:4780,geneName:nuclear factor, erythroid 2 like 2,evidenceIndex:}",{uniprotId:Q16236}
"{score:0.3,geneSymbol:RELA,geneId:5970,geneName:RELA proto-oncogene, NF-kB subunit,evidenceIndex:}",{uniprotId:Q04206}
"{score:0.3,geneSymbol:POT1,geneId:25913,geneName:protection of telomeres 1,evidenceIndex:}",{uniprotId:Q9NUX5}
"{score:0.32,geneSymbol:AKT1,geneId:207,geneName:AKT serine/threonine kinase 1,evidenceIndex:0.5}",{uniprotId:P31749}
"{score:0.3,geneSymbol:CEBPA,geneId:1050,geneName:CCAAT enhancer binding protein alpha,evidenceIndex:}",{uniprotId:P49715}
"{score:0.9,geneSymbol:KIT,geneId:3815,evidenceIndex:0.9565217,geneName:KIT proto-oncogene receptor tyrosine kinase}",{uniprotId:P10721}
"{score:0.3,geneSymbol:NOTCH1,geneId:4851,evidenceIndex:,geneName:notch 1}",{uniprotId:P46531}
"{score:0.73,geneSymbol:CASP10,geneId:843,evidenceIndex:1.0,geneName:caspase 10}",{uniprotId:Q92851}
"{score:0.3,geneSymbol:EPHX1,geneId:2052,geneName:epoxide hydrolase 1,evidenceIndex:}",{uniprotId:P07099}
"{score:0.32,geneSymbol:TGFBR1,geneId:7046,geneName:transforming growth factor beta receptor 1,evidenceIndex:1.0}",{uniprotId:P36897}
"{score:0.7,geneSymbol:CASP8,geneId:841,evidenceIndex:1.0,geneName:caspase 8}",{uniprotId:Q14790}
"{score:0.4,geneSymbol:IGF1R,geneId:3480,geneName:insulin like growth factor 1 receptor,evidenceIndex:1.0}",{uniprotId:P08069}
"{score:0.4,geneSymbol:MMP9,geneId:4318,geneName:matrix metallopeptidase 9,evidenceIndex:0.96875}",{uniprotId:P14780}
"{score:0.4,geneSymbol:TGFB1,geneId:7040,geneName:transforming growth factor beta 1,evidenceIndex:0.9622642}",{uniprotId:P01137}
"{score:0.3,geneSymbol:AQP3,geneId:360,geneName:aquaporin 3 (Gill blood group),evidenceIndex:}",{uniprotId:Q92482}
"{score:0.35,geneSymbol:FLT1,geneId:2321,geneName:fms related tyrosine kinase 1,evidenceIndex:1.0}",{uniprotId:P17948}
"{score:0.4,geneSymbol:ERCC2,geneId:2068,evidenceIndex:0.923076923076923,geneName:ERCC excision repair 2, TFIIH core complex helicase subunit}",{uniprotId:P18074}
"{score:0.4,geneSymbol:ODC1,geneId:4953,geneName:ornithine decarboxylase 1,evidenceIndex:1.0}",{uniprotId:P11926}
"{score:0.4,geneSymbol:POLE,geneId:5426,geneName:DNA polymerase epsilon, catalytic subunit,evidenceIndex:1.0}",{uniprotId:Q07864}
"{score:0.3,geneSymbol:IL1A,geneId:3552,geneName:interleukin 1 alpha,evidenceIndex:}",{uniprotId:P01583}
"{score:0.52,geneSymbol:GLI2,geneId:2736,geneName:GLI family zinc finger 2,evidenceIndex:1.0}",{uniprotId:P10070}
"{score:0.31,geneSymbol:PTCH1,geneId:5727,evidenceIndex:1.0,geneName:patched 1}",{uniprotId:Q13635}
"{score:0.4,geneSymbol:ERBB3,geneId:2065,geneName:erb-b2 receptor tyrosine kinase 3,evidenceIndex:0.987012987012987}",{uniprotId:P21860}
"{score:0.4,geneSymbol:ERBB4,geneId:2066,geneName:erb-b2 receptor tyrosine kinase 4,evidenceIndex:0.978260869565217}",{uniprotId:Q15303}
"{score:0.4,geneSymbol:XRCC3,geneId:7517,evidenceIndex:0.9230769,geneName:X-ray repair cross complementing 3}",{uniprotId:O43542}
"{score:0.39,geneSymbol:GJA1,geneId:2697,geneName:gap junction protein alpha 1,evidenceIndex:1.0}",{uniprotId:P17302}
"{score:0.38,geneSymbol:NOTCH4,geneId:4855,evidenceIndex:1.0,geneName:notch 4}",{uniprotId:Q99466}
"{score:0.3,geneSymbol:SMO,geneId:6608,geneName:smoothened, frizzled class receptor,evidenceIndex:}",{uniprotId:Q99835}
"{score:1.0,geneSymbol:TYR,geneId:7299,evidenceIndex:0.96875,geneName:tyrosinase}",{uniprotId:P14679}
"{score:0.32,geneSymbol:PPARD,geneId:5467,geneName:peroxisome proliferator activated receptor delta,evidenceIndex:1.0}",{uniprotId:Q03181}
"{score:0.34,geneSymbol:GJB2,geneId:2706,geneName:gap junction protein beta 2,evidenceIndex:0.75}",{uniprotId:P29033}
"{score:0.3,geneSymbol:HCAR2,geneId:338442,geneName:hydroxycarboxylic acid receptor 2,evidenceIndex:}",{uniprotId:Q8TDS4}
"{score:0.5,geneSymbol:XPC,geneId:7508,geneName:XPC complex subunit, DNA damage recognition and repair factor,evidenceIndex:1.0}",{uniprotId:Q01831}
"{score:0.41,geneSymbol:XPA,geneId:7507,geneName:XPA, DNA damage recognition and repair factor,evidenceIndex:1.0}",{uniprotId:P23025}
"{score:0.39,geneSymbol:ASIP,geneId:434,geneName:agouti signaling protein,evidenceIndex:0.888888888888889}",{uniprotId:P42127}
"{score:0.35,geneSymbol:PTK2B,geneId:2185,geneName:protein tyrosine kinase 2 beta,evidenceIndex:1.0}",{uniprotId:Q14289}
"{score:0.32,geneSymbol:KRT1,geneId:3848,evidenceIndex:1.0,geneName:keratin 1}",{uniprotId:P04264}
"{score:0.31,geneSymbol:GYPA,geneId:2993,geneName:glycophorin A (MNS blood group),evidenceIndex:1.0}",{uniprotId:P02724}
"{score:0.31,geneSymbol:KRT17,geneId:3872,evidenceIndex:1.0,geneName:keratin 17}",{uniprotId:Q04695}
"{score:0.3,geneSymbol:AIRE,geneId:326,geneName:autoimmune regulator,evidenceIndex:}",{uniprotId:O43918}
"{score:0.3,geneSymbol:CSNK2A1,geneId:1457,geneName:casein kinase 2 alpha 1,evidenceIndex:}",{uniprotId:P68400}
"{score:0.3,geneSymbol:CSNK2A2,geneId:1459,geneName:casein kinase 2 alpha 2,evidenceIndex:}",{uniprotId:P19784}
"{score:0.3,geneSymbol:CSNK2B,geneId:1460,geneName:casein kinase 2 beta,evidenceIndex:}",{uniprotId:P67870}
"{score:0.3,geneSymbol:GJB5,geneId:2709,geneName:gap junction protein beta 5,evidenceIndex:}",{uniprotId:O95377}
"{score:0.3,geneSymbol:IVL,geneId:3713,evidenceIndex:,geneName:involucrin}",{uniprotId:P07476}
"{score:0.3,geneSymbol:KRT10,geneId:3858,evidenceIndex:,geneName:keratin 10}",{uniprotId:P13645}
"{score:0.3,geneSymbol:LOR,geneId:4014,evidenceIndex:,geneName:loricrin}",{uniprotId:P23490}
"{score:0.3,geneSymbol:SP1,geneId:6667,geneName:Sp1 transcription factor,evidenceIndex:}",{uniprotId:P08047}
"{score:0.3,geneSymbol:HCAR3,geneId:8843,geneName:hydroxycarboxylic acid receptor 3,evidenceIndex:}",{uniprotId:P49019}