﻿b
"{name:breast cancer,description:cancer that originates in the mammary gland,cuid:C0006142,wikidataID:http://www.wikidata.org/entity/Q128581}"
"{name:schizophrenia,description:psychotic disorder characterized by emotional responsiveness and disintegration of thought process,cuid:C0036341,wikidataID:http://www.wikidata.org/entity/Q41112}"
"{name:colorectal carcinoma,description:colorectal cancer that arises from the colon or rectum and invades through the muscularis mucosa into the submucosa,cuid:C0009402,wikidataID:http://www.wikidata.org/entity/Q50349737}"
"{name:prostate cancer,description:male reproductive cancer,cuid:C0033578,wikidataID:http://www.wikidata.org/entity/Q181257}"
"{name:breast carcinoma,description:A breast cancer that has material basis in abnormally proliferating cells derives from epithelial cells.,cuid:C0678222,wikidataID:http://www.wikidata.org/entity/Q18555947}"