﻿d,s
"{name:biopsy,wikidataID:http://www.wikidata.org/entity/Q179991}","{name:amoxicillin,cuid:C0002645,wikidataID:http://www.wikidata.org/entity/Q201928}"
"{name:diagnostic procedure,cuid:C0430022}","{name:amoxicillin,cuid:C0002645,wikidataID:http://www.wikidata.org/entity/Q201928}"
"{name:Plain x-ray,cuid:C1306645}","{name:amoxicillin,cuid:C0002645,wikidataID:http://www.wikidata.org/entity/Q201928}"
"{name:Early Diagnosis,cuid:C0596473}","{name:amoxicillin,cuid:C0002645,wikidataID:http://www.wikidata.org/entity/Q201928}"
"{name:Exploration with a probe,cuid:C0419358}","{name:amoxicillin,cuid:C0002645,wikidataID:http://www.wikidata.org/entity/Q201928}"
"{name:Radiography, Panoramic,cuid:C0034579}","{name:amoxicillin,cuid:C0002645,wikidataID:http://www.wikidata.org/entity/Q201928}"
"{name:C-reactive protein level,cuid:C0428528}","{name:amoxicillin,cuid:C0002645,wikidataID:http://www.wikidata.org/entity/Q201928}"
"{name:Periodontal Index,cuid:C0031092}","{name:amoxicillin,cuid:C0002645,wikidataID:http://www.wikidata.org/entity/Q201928}"
"{name:Bone Density,cuid:C0005938}","{name:amoxicillin,cuid:C0002645,wikidataID:http://www.wikidata.org/entity/Q201928}"
"{name:biopsy,wikidataID:http://www.wikidata.org/entity/Q179991}","{name:minocycline,cuid:C0026187,wikidataID:http://www.wikidata.org/entity/Q415336}"
"{name:diagnostic procedure,cuid:C0430022}","{name:minocycline,cuid:C0026187,wikidataID:http://www.wikidata.org/entity/Q415336}"
"{name:Plain x-ray,cuid:C1306645}","{name:minocycline,cuid:C0026187,wikidataID:http://www.wikidata.org/entity/Q415336}"
"{name:Early Diagnosis,cuid:C0596473}","{name:minocycline,cuid:C0026187,wikidataID:http://www.wikidata.org/entity/Q415336}"
"{name:Exploration with a probe,cuid:C0419358}","{name:minocycline,cuid:C0026187,wikidataID:http://www.wikidata.org/entity/Q415336}"
"{name:Radiography, Panoramic,cuid:C0034579}","{name:minocycline,cuid:C0026187,wikidataID:http://www.wikidata.org/entity/Q415336}"
"{name:C-reactive protein level,cuid:C0428528}","{name:minocycline,cuid:C0026187,wikidataID:http://www.wikidata.org/entity/Q415336}"
"{name:Periodontal Index,cuid:C0031092}","{name:minocycline,cuid:C0026187,wikidataID:http://www.wikidata.org/entity/Q415336}"
"{name:Bone Density,cuid:C0005938}","{name:minocycline,cuid:C0026187,wikidataID:http://www.wikidata.org/entity/Q415336}"
"{name:biopsy,wikidataID:http://www.wikidata.org/entity/Q179991}","{name:chlorhexidine,cuid:C0008196,wikidataID:http://www.wikidata.org/entity/Q15646788}"
"{name:diagnostic procedure,cuid:C0430022}","{name:chlorhexidine,cuid:C0008196,wikidataID:http://www.wikidata.org/entity/Q15646788}"
"{name:Plain x-ray,cuid:C1306645}","{name:chlorhexidine,cuid:C0008196,wikidataID:http://www.wikidata.org/entity/Q15646788}"
"{name:Early Diagnosis,cuid:C0596473}","{name:chlorhexidine,cuid:C0008196,wikidataID:http://www.wikidata.org/entity/Q15646788}"
"{name:Exploration with a probe,cuid:C0419358}","{name:chlorhexidine,cuid:C0008196,wikidataID:http://www.wikidata.org/entity/Q15646788}"
"{name:Radiography, Panoramic,cuid:C0034579}","{name:chlorhexidine,cuid:C0008196,wikidataID:http://www.wikidata.org/entity/Q15646788}"
"{name:C-reactive protein level,cuid:C0428528}","{name:chlorhexidine,cuid:C0008196,wikidataID:http://www.wikidata.org/entity/Q15646788}"
"{name:Periodontal Index,cuid:C0031092}","{name:chlorhexidine,cuid:C0008196,wikidataID:http://www.wikidata.org/entity/Q15646788}"
"{name:Bone Density,cuid:C0005938}","{name:chlorhexidine,cuid:C0008196,wikidataID:http://www.wikidata.org/entity/Q15646788}"
"{name:biopsy,wikidataID:http://www.wikidata.org/entity/Q179991}","{name:metronidazole,cuid:C0025872,wikidataID:http://www.wikidata.org/entity/Q169569}"
"{name:diagnostic procedure,cuid:C0430022}","{name:metronidazole,cuid:C0025872,wikidataID:http://www.wikidata.org/entity/Q169569}"
"{name:Plain x-ray,cuid:C1306645}","{name:metronidazole,cuid:C0025872,wikidataID:http://www.wikidata.org/entity/Q169569}"
"{name:Early Diagnosis,cuid:C0596473}","{name:metronidazole,cuid:C0025872,wikidataID:http://www.wikidata.org/entity/Q169569}"
"{name:Exploration with a probe,cuid:C0419358}","{name:metronidazole,cuid:C0025872,wikidataID:http://www.wikidata.org/entity/Q169569}"
"{name:Radiography, Panoramic,cuid:C0034579}","{name:metronidazole,cuid:C0025872,wikidataID:http://www.wikidata.org/entity/Q169569}"
"{name:C-reactive protein level,cuid:C0428528}","{name:metronidazole,cuid:C0025872,wikidataID:http://www.wikidata.org/entity/Q169569}"
"{name:Periodontal Index,cuid:C0031092}","{name:metronidazole,cuid:C0025872,wikidataID:http://www.wikidata.org/entity/Q169569}"
"{name:Bone Density,cuid:C0005938}","{name:metronidazole,cuid:C0025872,wikidataID:http://www.wikidata.org/entity/Q169569}"
"{name:biopsy,wikidataID:http://www.wikidata.org/entity/Q179991}","{name:carbamide peroxide,cuid:C0108342,wikidataID:http://www.wikidata.org/entity/Q2633879}"
"{name:diagnostic procedure,cuid:C0430022}","{name:carbamide peroxide,cuid:C0108342,wikidataID:http://www.wikidata.org/entity/Q2633879}"
"{name:Plain x-ray,cuid:C1306645}","{name:carbamide peroxide,cuid:C0108342,wikidataID:http://www.wikidata.org/entity/Q2633879}"
"{name:Early Diagnosis,cuid:C0596473}","{name:carbamide peroxide,cuid:C0108342,wikidataID:http://www.wikidata.org/entity/Q2633879}"
"{name:Exploration with a probe,cuid:C0419358}","{name:carbamide peroxide,cuid:C0108342,wikidataID:http://www.wikidata.org/entity/Q2633879}"
"{name:Radiography, Panoramic,cuid:C0034579}","{name:carbamide peroxide,cuid:C0108342,wikidataID:http://www.wikidata.org/entity/Q2633879}"
"{name:C-reactive protein level,cuid:C0428528}","{name:carbamide peroxide,cuid:C0108342,wikidataID:http://www.wikidata.org/entity/Q2633879}"
"{name:Periodontal Index,cuid:C0031092}","{name:carbamide peroxide,cuid:C0108342,wikidataID:http://www.wikidata.org/entity/Q2633879}"
"{name:Bone Density,cuid:C0005938}","{name:carbamide peroxide,cuid:C0108342,wikidataID:http://www.wikidata.org/entity/Q2633879}"