﻿g,p
"{score:0.6,geneSymbol:HNF1A,geneId:6927,geneName:HNF1 homeobox A,evidenceIndex:0.962963}",{uniprotId:P20823}
"{score:0.34,geneSymbol:CCR5,geneId:1234,geneName:C-C motif chemokine receptor 5 (gene/pseudogene),evidenceIndex:0.75}",{uniprotId:P51681}
"{score:0.7,geneSymbol:INS,geneId:3630,evidenceIndex:0.9408602,geneName:insulin}",{uniprotId:P01308}
"{score:0.5,geneSymbol:IL2RA,geneId:3559,geneName:interleukin 2 receptor subunit alpha,evidenceIndex:0.95}",{uniprotId:P01589}
"{score:0.4,geneSymbol:CTLA4,geneId:1493,evidenceIndex:0.944444444444444,geneName:cytotoxic T-lymphocyte associated protein 4}",{uniprotId:P16410}
"{score:0.4,geneSymbol:SUMO4,geneId:387082,geneName:small ubiquitin-like modifier 4,evidenceIndex:}",{uniprotId:Q6EEV6}