﻿g,p
"{score:0.3,geneSymbol:CHRNB2,geneId:1141,geneName:cholinergic receptor nicotinic beta 2 subunit,evidenceIndex:1.0}",{uniprotId:P17787}
"{score:0.3,geneSymbol:CNR1,geneId:1268,geneName:cannabinoid receptor 1,evidenceIndex:1.0}",{uniprotId:P21554}
"{score:0.3,geneSymbol:GCG,geneId:2641,evidenceIndex:1.0,geneName:glucagon}",{uniprotId:P01275}
"{score:0.3,geneSymbol:GNRH1,geneId:2796,geneName:gonadotropin releasing hormone 1,evidenceIndex:1.0}",{uniprotId:P01148}
"{score:0.3,geneSymbol:IL12A,geneId:3592,geneName:interleukin 12A,evidenceIndex:1.0}",{uniprotId:P29459}
"{score:0.3,geneSymbol:IL12B,geneId:3593,geneName:interleukin 12B,evidenceIndex:1.0}",{uniprotId:P29460}
"{score:0.3,geneSymbol:LHB,geneId:3972,geneName:luteinizing hormone subunit beta,evidenceIndex:1.0}",{uniprotId:P01229}
"{score:0.3,geneSymbol:NOS2,geneId:4843,geneName:nitric oxide synthase 2,evidenceIndex:1.0}",{uniprotId:P35228}
"{score:0.3,geneSymbol:PRKCD,geneId:5580,geneName:protein kinase C delta,evidenceIndex:1.0}",{uniprotId:Q05655}
"{score:0.3,geneSymbol:NCF1,geneId:653361,geneName:neutrophil cytosolic factor 1,evidenceIndex:1.0}",{uniprotId:P14598}
"{score:0.3,geneSymbol:SOD1,geneId:6647,geneName:superoxide dismutase 1,evidenceIndex:1.0}",{uniprotId:P00441}
"{score:0.3,geneSymbol:TNF,geneId:7124,geneName:tumor necrosis factor,evidenceIndex:1.0}",{uniprotId:P01375}
"{score:0.3,geneSymbol:TRH,geneId:7200,geneName:thyrotropin releasing hormone,evidenceIndex:1.0}",{uniprotId:P20396}
"{score:0.3,geneSymbol:TSHB,geneId:7252,geneName:thyroid stimulating hormone subunit beta,evidenceIndex:1.0}",{uniprotId:P01222}