﻿x
"{name:chickenpox,description:human viral disease,cuid:C0008049,wikidataID:http://www.wikidata.org/entity/Q44727}"
"{name:Crohn's disease,description:type of inflammatory bowel disease,cuid:C0156147,wikidataID:http://www.wikidata.org/entity/Q1472}"
"{name:babesiosis,description:malaria-like parasitic disease caused by infection with Babesia, a genus of Apicomplexa,cuid:C0004576,wikidataID:http://www.wikidata.org/entity/Q797668}"
"{name:acute lymphocytic leukemia,description:leukemia that is characterized by over production of lymphoblasts.,cuid:C0023449,wikidataID:http://www.wikidata.org/entity/Q180664}"
"{name:brucellosis,description:Human and animal disease,doid:DOID:11077,cuid:C0006309,wikidataID:http://www.wikidata.org/entity/Q156050}"
"{name:brucellosis,description:Human and animal disease,doid:DOID:11077,cuid:C0006309,wikidataID:http://www.wikidata.org/entity/Q156050}"