﻿b
"{name:breast cancer,description:cancer that originates in the mammary gland,cuid:C0006142,wikidataID:http://www.wikidata.org/entity/Q128581}"
"{name:schizophrenia,description:psychotic disorder characterized by emotional responsiveness and disintegration of thought process,cuid:C0036341,wikidataID:http://www.wikidata.org/entity/Q41112}"
"{name:colorectal cancer,description:cancer of the colon or rectum,cuid:C1527249,wikidataID:http://www.wikidata.org/entity/Q188874}"
"{name:prostate cancer,description:male reproductive cancer,doid:DOID:10283,cuid:C0033578,wikidataID:http://www.wikidata.org/entity/Q181257}"
"{name:breast carcinoma,description:A breast cancer that has material basis in abnormally proliferating cells derives from epithelial cells.,cuid:C0678222,wikidataID:http://www.wikidata.org/entity/Q18555947}"