﻿d,s
{name:Lipoprotein (a) Blood Test},"{name:hyperlipidemia,wikidataID:http://www.wikidata.org/entity/Q1079120}"
{name:Lipoprotein (a) Blood Test},"{name:diabetes mellitus,wikidataID:http://www.wikidata.org/entity/Q12206}"
{name:Lipoprotein (a) Blood Test},"{name:hypertension,wikidataID:http://www.wikidata.org/entity/Q41861}"
{name:Lipoprotein (a) Blood Test},"{name:aging,wikidataID:http://www.wikidata.org/entity/Q332154}"
{name:Lipoprotein (a) Blood Test},"{name:stress,wikidataID:http://www.wikidata.org/entity/Q123414}"
{name:Lipoprotein (a) Blood Test},"{name:hyperuricemia,wikidataID:http://www.wikidata.org/entity/Q49970}"
{name:Lipoprotein (a) Blood Test},"{name:obesity,wikidataID:http://www.wikidata.org/entity/Q12174}"
{name:Lipoprotein (a) Blood Test},"{name:heredity,wikidataID:http://www.wikidata.org/entity/Q178694}"
{name:Lipoprotein (a) Blood Test},"{name:man,wikidataID:http://www.wikidata.org/entity/Q8441}"
{name:Lipoprotein (a) Blood Test},"{name:tobacco smoking,wikidataID:http://www.wikidata.org/entity/Q7212330}"