﻿x
"{name:chickenpox,description:human viral disease,cuid:C0008049,wikidataID:http://www.wikidata.org/entity/Q44727}"
"{name:Crohn's disease,description:type of inflammatory bowel disease,cuid:C0156147,wikidataID:http://www.wikidata.org/entity/Q1472}"
"{name:typhoid fever,description:A bacterial infectious disorder contracted by consumption of food or drink contaminated with Salmonella typhi. This disorder is common in developing countries and can be treated with antibiotics.,cuid:C0041466,wikidataID:http://www.wikidata.org/entity/Q83319}"
"{name:babesiosis,description:malaria-like parasitic disease caused by infection with Babesia, a genus of Apicomplexa,cuid:C0004576,wikidataID:http://www.wikidata.org/entity/Q797668}"
"{name:Japanese encephalitis,description:infection of the brain caused by the Japanese encephalitis virus,cuid:C0014057,wikidataID:http://www.wikidata.org/entity/Q738292}"
"{name:ehrlichiosis,description:human disease,cuid:C0085399,wikidataID:http://www.wikidata.org/entity/Q2845432}"
"{name:tick-borne encephalitis,doid:DOID:0050175,description:viral infectious disease involving the central nervous system,cuid:C0014054,wikidataID:http://www.wikidata.org/entity/Q326663}"
"{name:Argentine hemorrhagic fever,description:Human disease,cuid:C0019097,wikidataID:http://www.wikidata.org/entity/Q2583514}"
"{name:Barmah Forest virus disease,description:A viral infectious disease that results in infection located in joint, has material basis in Barmah Forest virus, which is transmitted by mosquito bite. The infection has symptom fever, has symptom arthralgia, and has symptom rash.,wikidataID:http://www.wikidata.org/entity/Q18553285}"
"{name:acute lymphocytic leukemia,description:leukemia that is characterized by over production of lymphoblasts.,cuid:C0023449,wikidataID:http://www.wikidata.org/entity/Q180664}"
"{name:rubella,description:human viral disease,cuid:C0035920,wikidataID:http://www.wikidata.org/entity/Q155857}"
"{name:brucellosis,description:Human and animal disease,doid:DOID:11077,cuid:C0006309,wikidataID:http://www.wikidata.org/entity/Q156050}"
"{name:brucellosis,description:Human and animal disease,doid:DOID:11077,cuid:C0006309,wikidataID:http://www.wikidata.org/entity/Q156050}"
"{name:yellow fever,doid:DOID:2947,description:viral disease,cuid:C0043395,wikidataID:http://www.wikidata.org/entity/Q154874}"
"{name:pertussis,doid:DOID:1116,description:human disease caused by the bacteria Bordetella pertussis,cuid:C0006015,wikidataID:http://www.wikidata.org/entity/Q134859}"