﻿n
"{name:liver cirrhosis,description:long-term disease of the liver,cuid:C0023890,wikidataID:http://www.wikidata.org/entity/Q147778}"
"{name:Non-alcoholic fatty liver disease,description:fatty liver disease characterized by the storing of excess fat in liver cells which is is not caused by heavy alcohol use,cuid:C0400966,wikidataID:http://www.wikidata.org/entity/Q1546498}"
"{name:liver lipoma,description:human disease,cuid:C1333970,wikidataID:http://www.wikidata.org/entity/Q18553806}"
"{name:liver angiosarcoma,description:angiosarcoma and sarcoma of liver and hemangioma of intra-abdominal structure and Ca liver - primary that is located in the liver,cuid:C0345907,wikidataID:http://www.wikidata.org/entity/Q18555157}"
"{name:liver sarcoma,description:sarcoma and malignant non-epithelial hepatic and intrahepatic bile duct neoplasm sthat is located in the liver,cuid:C0345906,wikidataID:http://www.wikidata.org/entity/Q18555165}"
"{name:liver rhabdomyosarcoma,description:rhabdomyosarcoma and sarcoma of liver that are located in the liver,cuid:C1333975,wikidataID:http://www.wikidata.org/entity/Q18556169}"
"{name:liver leiomyosarcoma,description:leiomyosarcoma and sarcoma of liver that is located in the liver,cuid:C1333969,wikidataID:http://www.wikidata.org/entity/Q18556725}"
"{name:liver carcinoma,description:liver cancer that has material basis in epithelial cells,cuid:C0279000,wikidataID:http://www.wikidata.org/entity/Q18557387}"
"{name:liver fibrosarcoma,description:fibrosarcoma of soft tissue and sarcoma of liver that is located in the liver,cuid:C1333966,wikidataID:http://www.wikidata.org/entity/Q18557805}"
"{name:liver lymphoma,description:Human disease,cuid:C1112746,wikidataID:http://www.wikidata.org/entity/Q18558045}"
"{name:liver fibroma,description:Human disease,cuid:C1333965,wikidataID:http://www.wikidata.org/entity/Q18558056}"
"{name:liver carcinoma in situ,description:Human disease,cuid:C0496854,wikidataID:http://www.wikidata.org/entity/Q18558068}"
"{name:liver neoplasm,description:human disease,cuid:C1333976,wikidataID:http://www.wikidata.org/entity/Q18558073}"
"{name:liver leiomyoma,description:Human disease,cuid:C1333968,wikidataID:http://www.wikidata.org/entity/Q18558075}"
"{name:liver inflammatory pseudotumor,description:Human disease,cuid:C1333967,wikidataID:http://www.wikidata.org/entity/Q18558078}"
"{name:liver fluke-related cholangiocarcinoma,description:Human disease,wikidataID:http://www.wikidata.org/entity/Q19000504}"
"{name:mesenchymal hamartoma of the liver,description:Human disease,wikidataID:http://www.wikidata.org/entity/Q19000683}"
"{name:childhood cancer of liver,description:Human disease,wikidataID:http://www.wikidata.org/entity/Q19000836}"
"{name:nutmeg liver,description:Human disease,cuid:C0156195,wikidataID:http://www.wikidata.org/entity/Q2334877}"
"{name:polycystic liver disease,description:Human disease,cuid:C0158683,wikidataID:http://www.wikidata.org/entity/Q246002}"
"{name:liver fibrosis,description:fibrosis of the liver,cuid:C0239946,wikidataID:http://www.wikidata.org/entity/Q3071321}"
"{name:Adams-Oliver syndrome,description:syndrome characterized by defects of the scalp (aplasia cutis congenita), abnormalities of the fingers, toes, arms and legs,cuid:C0265268,wikidataID:http://www.wikidata.org/entity/Q351708}"
"{name:acute fatty liver of pregnancy,cuid:C1455728,wikidataID:http://www.wikidata.org/entity/Q4677929}"
"{name:acute infantile liver failure-cerebellar ataxia-peripheral sensory motor neuropathy syndrome,description:autosomal recessive cerebellar ataxia that has material basis in homozygous or compound heterozygous mutation in the SCYL1 gene on chromosome 11q13,cuid:C4225236,wikidataID:http://www.wikidata.org/entity/Q50349821}"
"{name:liver adenosquamous carcinoma,wikidataID:http://www.wikidata.org/entity/Q53844662}"
"{name:undifferentiated liver carcinoma,wikidataID:http://www.wikidata.org/entity/Q53869596}"
"{name:liver parasitic disease,description:liver disease caused by infections with parasites, such as tapeworms (Cestoda) and flukes (Trematoda),wikidataID:http://www.wikidata.org/entity/Q54946093}"
"{name:end-stage liver disease,description:final stage of a liver disease when the liver failure is irreversible and liver transplantation is needed,cuid:C2936476,wikidataID:http://www.wikidata.org/entity/Q54974362}"
"{name:liver failure, infantile,description:human disease,cuid:CL495603,wikidataID:http://www.wikidata.org/entity/Q55762554}"
"{name:acute infantile liver failure due to synthesis defect of mtDNA-encoded proteins,cuid:C2751567,wikidataID:http://www.wikidata.org/entity/Q55783956}"
"{name:Hyperbiliverdinemia,description:human disease,cuid:C3279964,wikidataID:http://www.wikidata.org/entity/Q55784192}"
"{name:cryptosporidiosis-chronic cholangitis-liver disease syndrome,description:human disease,cuid:C3554687,wikidataID:http://www.wikidata.org/entity/Q55784574}"
"{name:fever-associated acute infantile liver failure syndrome,description:human disease,cuid:CN232144,wikidataID:http://www.wikidata.org/entity/Q55784921}"
"{name:polycystic liver disease 2; PCLD2,description:human disease,cuid:C4310769,wikidataID:http://www.wikidata.org/entity/Q56013638}"
"{name:fatty liver disease,description:lipid storage disease characterized by the accumulation of large vacuoles of triglyceride fat in liver cells via the process of steatosis,cuid:C0015695,wikidataID:http://www.wikidata.org/entity/Q6058862}"
"{name:mucinous cystic  neoplasm of the liver,wikidataID:http://www.wikidata.org/entity/Q60791934}"
"{name:liver cancer,description:gastrointestinal system cancer, located in the liver,cuid:C0345904,wikidataID:http://www.wikidata.org/entity/Q623031}"
"{name:alcoholic liver cirrhosis,description:Human disease,cuid:C0023891,wikidataID:http://www.wikidata.org/entity/Q6470994}"
"{name:Oliver–McFarlane syndrome,description:An autosomal recessive disease characterized by trichomegaly, severe chorioretinal atrophy and multiple pituitary hormone deficiencies that has material basis in homozygous or compound heterozygous mutation in PNPLA6 on 19p13.2.,cuid:C1848745,wikidataID:http://www.wikidata.org/entity/Q7087988}"
"{name:liver disease,description:Human disease,cuid:C0232744,wikidataID:http://www.wikidata.org/entity/Q929737}"
"{name:liver failure,description:Inability of the liver to perform its normal functions,cuid:C0085605,wikidataID:http://www.wikidata.org/entity/Q970208}"
"{name:Acute alcoholic liver disease,cuid:C0001306}"
"{name:Fatty Liver, Alcoholic,cuid:C0015696}"
"{name:Liver Abscess,cuid:C0023885}"
"{name:Liver Abscess, Amebic,cuid:C0023886}"
"{name:Liver diseases,cuid:C0023895}"
"{name:Alcoholic Liver Diseases,cuid:C0023896}"
"{name:Liver Diseases, Parasitic,cuid:C0023897}"
"{name:Shock during AND/OR following labor AND/OR delivery,cuid:C0157450}"
"{name:Acute renal failure following labor AND/OR delivery,cuid:C0157461}"
"{name:Liver Failure, Acute,cuid:C0162557}"
"{name:Chronic nonalcoholic liver disease,cuid:C0221388}"
"{name:Liver fatty infiltration,cuid:C0235382}"
"{name:Delayed delivery,cuid:C0235863}"
"{name:Liver mass,cuid:C0240225}"
"{name:Subacute necrosis of liver NOS,cuid:C0267795}"
"{name:Sawdust liver,cuid:C0267801}"
"{name:Liver Abscess, Pyogenic,cuid:C0267830}"
"{name:Liver cyst,cuid:C0267834}"
"{name:Chronic liver disease NOS,cuid:C0341439}"
"{name:Diabetes mellitus in the pueperium - baby delivered during previous episode of care,cuid:C0341894}"
"{name:Impaired oxygen delivery,cuid:C0342968}"
"{name:Histoplasmosis liver,cuid:C0343896}"
"{name:Liver fluke infection,cuid:C0343975}"
"{name:Liver hematoma,cuid:C0347630}"
"{name:Toxic liver disease,cuid:C0348754}"
"{name:Atrophy of liver,cuid:C0391996}"
"{name:Autoimmune liver disease,cuid:C0400936}"
"{name:Liver transplant disorder,cuid:C0400967}"
"{name:Liver palms,cuid:C0424734}"
"{name:End stage liver disease,cuid:C0745744}"
"{name:Shoulder (girdle) dystocia, with delivery,cuid:C0748659}"
"{name:leptospirosis liver,cuid:C0750788}"
"{name:vasculitis liver,cuid:C0750790}"
"{name:liver scarring,cuid:C0815120}"
"{name:Traumatic delivery,cuid:C0852702}"
"{name:Liver cholestasis,cuid:C0857528}"
"{name:Acute fatty liver,cuid:C0860195}"
"{name:Advanced chronic liver disease,cuid:C0860197}"
"{name:Cholestatic liver disease,cuid:C0860204}"
"{name:Toxic acute liver disease,cuid:C0860206}"
"{name:Drug-induced liver disease,cuid:C0860207}"
"{name:Granulomatous liver disease,cuid:C0860210}"
"{name:Pyrogenic liver abscess,cuid:C0860215}"
"{name:Subacute liver disease,cuid:C0860216}"
"{name:Radiation-induced liver disease,cuid:C0920160}"
"{name:Entameba histolytica liver abscess,cuid:C0948614}"
"{name:Nodular hyperplasia of liver,cuid:C1263669}"
"{name:Liver regeneration disorder,cuid:C1318485}"
"{name:Alcoholic liver damage,cuid:C1442981}"