﻿x
"{name:Crohn's disease,description:type of inflammatory bowel disease,cuid:C0156147,wikidataID:http://www.wikidata.org/entity/Q1472}"
"{name:influenza,description:infectious disease caused by an influenza virus,cuid:C0021400,wikidataID:http://www.wikidata.org/entity/Q2840}"
"{name:chickenpox,description:human viral disease,cuid:C0008049,wikidataID:http://www.wikidata.org/entity/Q44727}"
"{name:Mycoplasma pneumoniae infection,description:bacterial disease,wikidataID:http://www.wikidata.org/entity/Q79054860}"
"{name:babesiosis,description:malaria-like parasitic disease caused by infection with Babesia and nalga, a genus of Apicomplexa,cuid:C0004576,wikidataID:http://www.wikidata.org/entity/Q797668}"
"{name:COVID-19,description:zoonotic respiratory syndrome and infectious disease in humans, caused by SARS coronavirus 2,wikidataID:http://www.wikidata.org/entity/Q84263196}"
"{name:typhoid fever,description:A bacterial infectious disorder contracted by consumption of food or drink contaminated with Salmonella typhi. This disorder is common in developing countries and can be treated with antibiotics.,cuid:C0041466,wikidataID:http://www.wikidata.org/entity/Q83319}"
"{name:Japanese encephalitis,description:infection of the brain caused by the Japanese encephalitis virus,cuid:C0014057,wikidataID:http://www.wikidata.org/entity/Q738292}"
"{name:ehrlichiosis,description:human disease,cuid:C0085399,wikidataID:http://www.wikidata.org/entity/Q2845432}"
"{name:tick-borne encephalitis,description:viral infectious disease involving the central nervous system,cuid:C0014061,wikidataID:http://www.wikidata.org/entity/Q326663}"
"{name:Argentine hemorrhagic fever,description:Human disease,cuid:C0019097,wikidataID:http://www.wikidata.org/entity/Q2583514}"
"{name:Barmah Forest virus disease,description:A viral infectious disease that results in infection located in joint, has material basis in Barmah Forest virus, which is transmitted by mosquito bite. The infection has symptom fever, has symptom arthralgia, and has symptom rash.,wikidataID:http://www.wikidata.org/entity/Q18553285}"
"{name:acute lymphocytic leukemia,description:leukemia that is characterized by over production of lymphoblasts.,cuid:C0023449,wikidataID:http://www.wikidata.org/entity/Q180664}"
"{name:yellow fever,description:viral disease,cuid:C0043395,wikidataID:http://www.wikidata.org/entity/Q154874}"
"{name:rubella,description:human viral disease,cuid:C0035920,wikidataID:http://www.wikidata.org/entity/Q155857}"
"{name:brucellosis,description:Human and animal disease,cuid:C0006309,wikidataID:http://www.wikidata.org/entity/Q156050}"
"{name:brucellosis,description:Human and animal disease,cuid:C0006309,wikidataID:http://www.wikidata.org/entity/Q156050}"
"{name:pertussis,description:human disease caused by the bacteria Bordetella pertussis,cuid:C0006015,wikidataID:http://www.wikidata.org/entity/Q134859}"