﻿d2
"{name:Clostridium difficile colitis,doid:DOID:0060185,description:colitis characterized by an overgrowth of Clostridium difficile bacteria,cuid:C1257845,wikidataID:http://www.wikidata.org/entity/Q574905}"
"{name:cryptosporidiosis,description:Human disease,cuid:C0010418,wikidataID:http://www.wikidata.org/entity/Q1359898}"
"{name:Q fever,description:disease caused by infection with Coxiella burnetii,cuid:C0034362,wikidataID:http://www.wikidata.org/entity/Q164818}"
"{name:Behcet's disease,description:rare immune-mediated small-vessel systemic vasculitis in humans,cuid:C0004943,wikidataID:http://www.wikidata.org/entity/Q911427}"
"{name:fasciolosis,description:parasitic worm infection caused by the common liver fluke Fasciola hepatica as well as by Fasciola gigantica,cuid:C0015652,wikidataID:http://www.wikidata.org/entity/Q719656}"