﻿b
"{name:hypertension,description:Long term medical condition,doid:DOID:10763,cuid:C0020538,wikidataID:http://www.wikidata.org/entity/Q41861}"
"{name:urinary tract infection,description:human and animal infection,cuid:C0149523,wikidataID:http://www.wikidata.org/entity/Q221668}"
"{name:congestive heart failure,doid:DOID:6000,description:heart disease that is characterized by any structural or functional cardiac disorder that impairs the ability of the heart to fill with or pump a sufficient amount of blood throughout the body,cuid:C0018801,wikidataID:http://www.wikidata.org/entity/Q19000661}"
"{name:gram-negative bacterial infection,description:Infections caused by bacteria that show up as pink (negative) when treated by the gram-staining method,wikidataID:http://www.wikidata.org/entity/Q19597369}"
"{name:upper respiratory tract infection,wikidataID:http://www.wikidata.org/entity/Q2622199}"