﻿d,s
{name:Lipoprotein (a) Blood Test},"{name:hyperlipidemia,wikidataID:http://www.wikidata.org/entity/Q1079120}"
"{name:C-reactive protein level,cuid:C0428528}","{name:hyperlipidemia,wikidataID:http://www.wikidata.org/entity/Q1079120}"
"{name:diagnostic procedure,cuid:C0430022}","{name:hyperlipidemia,wikidataID:http://www.wikidata.org/entity/Q1079120}"
"{name:Kidney biopsy,cuid:C0194073}","{name:hyperlipidemia,wikidataID:http://www.wikidata.org/entity/Q1079120}"
"{name:Ultrasonography,cuid:C0041618}","{name:hyperlipidemia,wikidataID:http://www.wikidata.org/entity/Q1079120}"
"{name:biopsy,wikidataID:http://www.wikidata.org/entity/Q179991}","{name:hyperlipidemia,wikidataID:http://www.wikidata.org/entity/Q1079120}"
"{name:Electrocardiogram,cuid:C0013798}","{name:hyperlipidemia,wikidataID:http://www.wikidata.org/entity/Q1079120}"
"{name:Ultrasonography, Intravascular,cuid:C0206520}","{name:hyperlipidemia,wikidataID:http://www.wikidata.org/entity/Q1079120}"
"{name:Arteriography,cuid:C0003844}","{name:hyperlipidemia,wikidataID:http://www.wikidata.org/entity/Q1079120}"
"{name:Autopsy,cuid:C0004398}","{name:hyperlipidemia,wikidataID:http://www.wikidata.org/entity/Q1079120}"
"{name:tomography,cuid:C0040395}","{name:hyperlipidemia,wikidataID:http://www.wikidata.org/entity/Q1079120}"
"{name:Biopsy of skin procedure,cuid:C0150866}","{name:hyperlipidemia,wikidataID:http://www.wikidata.org/entity/Q1079120}"
"{name:angiogram,cuid:C0002978}","{name:hyperlipidemia,wikidataID:http://www.wikidata.org/entity/Q1079120}"
{name:Lipoprotein (a) Blood Test},"{name:diabetes mellitus,wikidataID:http://www.wikidata.org/entity/Q12206}"
"{name:C-reactive protein level,cuid:C0428528}","{name:diabetes mellitus,wikidataID:http://www.wikidata.org/entity/Q12206}"
"{name:diagnostic procedure,cuid:C0430022}","{name:diabetes mellitus,wikidataID:http://www.wikidata.org/entity/Q12206}"
"{name:Kidney biopsy,cuid:C0194073}","{name:diabetes mellitus,wikidataID:http://www.wikidata.org/entity/Q12206}"
"{name:Ultrasonography,cuid:C0041618}","{name:diabetes mellitus,wikidataID:http://www.wikidata.org/entity/Q12206}"
"{name:biopsy,wikidataID:http://www.wikidata.org/entity/Q179991}","{name:diabetes mellitus,wikidataID:http://www.wikidata.org/entity/Q12206}"
"{name:Electrocardiogram,cuid:C0013798}","{name:diabetes mellitus,wikidataID:http://www.wikidata.org/entity/Q12206}"
"{name:Ultrasonography, Intravascular,cuid:C0206520}","{name:diabetes mellitus,wikidataID:http://www.wikidata.org/entity/Q12206}"
"{name:Arteriography,cuid:C0003844}","{name:diabetes mellitus,wikidataID:http://www.wikidata.org/entity/Q12206}"
"{name:Autopsy,cuid:C0004398}","{name:diabetes mellitus,wikidataID:http://www.wikidata.org/entity/Q12206}"
"{name:tomography,cuid:C0040395}","{name:diabetes mellitus,wikidataID:http://www.wikidata.org/entity/Q12206}"
"{name:Biopsy of skin procedure,cuid:C0150866}","{name:diabetes mellitus,wikidataID:http://www.wikidata.org/entity/Q12206}"
"{name:angiogram,cuid:C0002978}","{name:diabetes mellitus,wikidataID:http://www.wikidata.org/entity/Q12206}"
{name:Lipoprotein (a) Blood Test},"{name:hypertension,wikidataID:http://www.wikidata.org/entity/Q41861}"
"{name:C-reactive protein level,cuid:C0428528}","{name:hypertension,wikidataID:http://www.wikidata.org/entity/Q41861}"
"{name:diagnostic procedure,cuid:C0430022}","{name:hypertension,wikidataID:http://www.wikidata.org/entity/Q41861}"
"{name:Kidney biopsy,cuid:C0194073}","{name:hypertension,wikidataID:http://www.wikidata.org/entity/Q41861}"
"{name:Ultrasonography,cuid:C0041618}","{name:hypertension,wikidataID:http://www.wikidata.org/entity/Q41861}"
"{name:biopsy,wikidataID:http://www.wikidata.org/entity/Q179991}","{name:hypertension,wikidataID:http://www.wikidata.org/entity/Q41861}"
"{name:Electrocardiogram,cuid:C0013798}","{name:hypertension,wikidataID:http://www.wikidata.org/entity/Q41861}"
"{name:Ultrasonography, Intravascular,cuid:C0206520}","{name:hypertension,wikidataID:http://www.wikidata.org/entity/Q41861}"
"{name:Arteriography,cuid:C0003844}","{name:hypertension,wikidataID:http://www.wikidata.org/entity/Q41861}"
"{name:Autopsy,cuid:C0004398}","{name:hypertension,wikidataID:http://www.wikidata.org/entity/Q41861}"
"{name:tomography,cuid:C0040395}","{name:hypertension,wikidataID:http://www.wikidata.org/entity/Q41861}"
"{name:Biopsy of skin procedure,cuid:C0150866}","{name:hypertension,wikidataID:http://www.wikidata.org/entity/Q41861}"
"{name:angiogram,cuid:C0002978}","{name:hypertension,wikidataID:http://www.wikidata.org/entity/Q41861}"
{name:Lipoprotein (a) Blood Test},"{name:aging,wikidataID:http://www.wikidata.org/entity/Q332154}"
"{name:C-reactive protein level,cuid:C0428528}","{name:aging,wikidataID:http://www.wikidata.org/entity/Q332154}"
"{name:diagnostic procedure,cuid:C0430022}","{name:aging,wikidataID:http://www.wikidata.org/entity/Q332154}"
"{name:Kidney biopsy,cuid:C0194073}","{name:aging,wikidataID:http://www.wikidata.org/entity/Q332154}"
"{name:Ultrasonography,cuid:C0041618}","{name:aging,wikidataID:http://www.wikidata.org/entity/Q332154}"
"{name:biopsy,wikidataID:http://www.wikidata.org/entity/Q179991}","{name:aging,wikidataID:http://www.wikidata.org/entity/Q332154}"
"{name:Electrocardiogram,cuid:C0013798}","{name:aging,wikidataID:http://www.wikidata.org/entity/Q332154}"
"{name:Ultrasonography, Intravascular,cuid:C0206520}","{name:aging,wikidataID:http://www.wikidata.org/entity/Q332154}"
"{name:Arteriography,cuid:C0003844}","{name:aging,wikidataID:http://www.wikidata.org/entity/Q332154}"
"{name:Autopsy,cuid:C0004398}","{name:aging,wikidataID:http://www.wikidata.org/entity/Q332154}"
"{name:tomography,cuid:C0040395}","{name:aging,wikidataID:http://www.wikidata.org/entity/Q332154}"
"{name:Biopsy of skin procedure,cuid:C0150866}","{name:aging,wikidataID:http://www.wikidata.org/entity/Q332154}"
"{name:angiogram,cuid:C0002978}","{name:aging,wikidataID:http://www.wikidata.org/entity/Q332154}"
{name:Lipoprotein (a) Blood Test},"{name:stress,wikidataID:http://www.wikidata.org/entity/Q123414}"
"{name:C-reactive protein level,cuid:C0428528}","{name:stress,wikidataID:http://www.wikidata.org/entity/Q123414}"
"{name:diagnostic procedure,cuid:C0430022}","{name:stress,wikidataID:http://www.wikidata.org/entity/Q123414}"
"{name:Kidney biopsy,cuid:C0194073}","{name:stress,wikidataID:http://www.wikidata.org/entity/Q123414}"
"{name:Ultrasonography,cuid:C0041618}","{name:stress,wikidataID:http://www.wikidata.org/entity/Q123414}"
"{name:biopsy,wikidataID:http://www.wikidata.org/entity/Q179991}","{name:stress,wikidataID:http://www.wikidata.org/entity/Q123414}"
"{name:Electrocardiogram,cuid:C0013798}","{name:stress,wikidataID:http://www.wikidata.org/entity/Q123414}"
"{name:Ultrasonography, Intravascular,cuid:C0206520}","{name:stress,wikidataID:http://www.wikidata.org/entity/Q123414}"
"{name:Arteriography,cuid:C0003844}","{name:stress,wikidataID:http://www.wikidata.org/entity/Q123414}"
"{name:Autopsy,cuid:C0004398}","{name:stress,wikidataID:http://www.wikidata.org/entity/Q123414}"
"{name:tomography,cuid:C0040395}","{name:stress,wikidataID:http://www.wikidata.org/entity/Q123414}"
"{name:Biopsy of skin procedure,cuid:C0150866}","{name:stress,wikidataID:http://www.wikidata.org/entity/Q123414}"
"{name:angiogram,cuid:C0002978}","{name:stress,wikidataID:http://www.wikidata.org/entity/Q123414}"
{name:Lipoprotein (a) Blood Test},"{name:hyperuricemia,wikidataID:http://www.wikidata.org/entity/Q49970}"
"{name:C-reactive protein level,cuid:C0428528}","{name:hyperuricemia,wikidataID:http://www.wikidata.org/entity/Q49970}"
"{name:diagnostic procedure,cuid:C0430022}","{name:hyperuricemia,wikidataID:http://www.wikidata.org/entity/Q49970}"
"{name:Kidney biopsy,cuid:C0194073}","{name:hyperuricemia,wikidataID:http://www.wikidata.org/entity/Q49970}"
"{name:Ultrasonography,cuid:C0041618}","{name:hyperuricemia,wikidataID:http://www.wikidata.org/entity/Q49970}"
"{name:biopsy,wikidataID:http://www.wikidata.org/entity/Q179991}","{name:hyperuricemia,wikidataID:http://www.wikidata.org/entity/Q49970}"
"{name:Electrocardiogram,cuid:C0013798}","{name:hyperuricemia,wikidataID:http://www.wikidata.org/entity/Q49970}"
"{name:Ultrasonography, Intravascular,cuid:C0206520}","{name:hyperuricemia,wikidataID:http://www.wikidata.org/entity/Q49970}"
"{name:Arteriography,cuid:C0003844}","{name:hyperuricemia,wikidataID:http://www.wikidata.org/entity/Q49970}"
"{name:Autopsy,cuid:C0004398}","{name:hyperuricemia,wikidataID:http://www.wikidata.org/entity/Q49970}"
"{name:tomography,cuid:C0040395}","{name:hyperuricemia,wikidataID:http://www.wikidata.org/entity/Q49970}"
"{name:Biopsy of skin procedure,cuid:C0150866}","{name:hyperuricemia,wikidataID:http://www.wikidata.org/entity/Q49970}"
"{name:angiogram,cuid:C0002978}","{name:hyperuricemia,wikidataID:http://www.wikidata.org/entity/Q49970}"
{name:Lipoprotein (a) Blood Test},"{name:obesity,wikidataID:http://www.wikidata.org/entity/Q12174}"
"{name:C-reactive protein level,cuid:C0428528}","{name:obesity,wikidataID:http://www.wikidata.org/entity/Q12174}"
"{name:diagnostic procedure,cuid:C0430022}","{name:obesity,wikidataID:http://www.wikidata.org/entity/Q12174}"
"{name:Kidney biopsy,cuid:C0194073}","{name:obesity,wikidataID:http://www.wikidata.org/entity/Q12174}"
"{name:Ultrasonography,cuid:C0041618}","{name:obesity,wikidataID:http://www.wikidata.org/entity/Q12174}"
"{name:biopsy,wikidataID:http://www.wikidata.org/entity/Q179991}","{name:obesity,wikidataID:http://www.wikidata.org/entity/Q12174}"
"{name:Electrocardiogram,cuid:C0013798}","{name:obesity,wikidataID:http://www.wikidata.org/entity/Q12174}"
"{name:Ultrasonography, Intravascular,cuid:C0206520}","{name:obesity,wikidataID:http://www.wikidata.org/entity/Q12174}"
"{name:Arteriography,cuid:C0003844}","{name:obesity,wikidataID:http://www.wikidata.org/entity/Q12174}"
"{name:Autopsy,cuid:C0004398}","{name:obesity,wikidataID:http://www.wikidata.org/entity/Q12174}"
"{name:tomography,cuid:C0040395}","{name:obesity,wikidataID:http://www.wikidata.org/entity/Q12174}"
"{name:Biopsy of skin procedure,cuid:C0150866}","{name:obesity,wikidataID:http://www.wikidata.org/entity/Q12174}"
"{name:angiogram,cuid:C0002978}","{name:obesity,wikidataID:http://www.wikidata.org/entity/Q12174}"
{name:Lipoprotein (a) Blood Test},"{name:heredity,wikidataID:http://www.wikidata.org/entity/Q178694}"
"{name:C-reactive protein level,cuid:C0428528}","{name:heredity,wikidataID:http://www.wikidata.org/entity/Q178694}"
"{name:diagnostic procedure,cuid:C0430022}","{name:heredity,wikidataID:http://www.wikidata.org/entity/Q178694}"
"{name:Kidney biopsy,cuid:C0194073}","{name:heredity,wikidataID:http://www.wikidata.org/entity/Q178694}"
"{name:Ultrasonography,cuid:C0041618}","{name:heredity,wikidataID:http://www.wikidata.org/entity/Q178694}"
"{name:biopsy,wikidataID:http://www.wikidata.org/entity/Q179991}","{name:heredity,wikidataID:http://www.wikidata.org/entity/Q178694}"
"{name:Electrocardiogram,cuid:C0013798}","{name:heredity,wikidataID:http://www.wikidata.org/entity/Q178694}"
"{name:Ultrasonography, Intravascular,cuid:C0206520}","{name:heredity,wikidataID:http://www.wikidata.org/entity/Q178694}"
"{name:Arteriography,cuid:C0003844}","{name:heredity,wikidataID:http://www.wikidata.org/entity/Q178694}"
"{name:Autopsy,cuid:C0004398}","{name:heredity,wikidataID:http://www.wikidata.org/entity/Q178694}"
"{name:tomography,cuid:C0040395}","{name:heredity,wikidataID:http://www.wikidata.org/entity/Q178694}"
"{name:Biopsy of skin procedure,cuid:C0150866}","{name:heredity,wikidataID:http://www.wikidata.org/entity/Q178694}"
"{name:angiogram,cuid:C0002978}","{name:heredity,wikidataID:http://www.wikidata.org/entity/Q178694}"
{name:Lipoprotein (a) Blood Test},"{name:man,wikidataID:http://www.wikidata.org/entity/Q8441}"
"{name:C-reactive protein level,cuid:C0428528}","{name:man,wikidataID:http://www.wikidata.org/entity/Q8441}"
"{name:diagnostic procedure,cuid:C0430022}","{name:man,wikidataID:http://www.wikidata.org/entity/Q8441}"
"{name:Kidney biopsy,cuid:C0194073}","{name:man,wikidataID:http://www.wikidata.org/entity/Q8441}"
"{name:Ultrasonography,cuid:C0041618}","{name:man,wikidataID:http://www.wikidata.org/entity/Q8441}"
"{name:biopsy,wikidataID:http://www.wikidata.org/entity/Q179991}","{name:man,wikidataID:http://www.wikidata.org/entity/Q8441}"
"{name:Electrocardiogram,cuid:C0013798}","{name:man,wikidataID:http://www.wikidata.org/entity/Q8441}"
"{name:Ultrasonography, Intravascular,cuid:C0206520}","{name:man,wikidataID:http://www.wikidata.org/entity/Q8441}"
"{name:Arteriography,cuid:C0003844}","{name:man,wikidataID:http://www.wikidata.org/entity/Q8441}"
"{name:Autopsy,cuid:C0004398}","{name:man,wikidataID:http://www.wikidata.org/entity/Q8441}"
"{name:tomography,cuid:C0040395}","{name:man,wikidataID:http://www.wikidata.org/entity/Q8441}"
"{name:Biopsy of skin procedure,cuid:C0150866}","{name:man,wikidataID:http://www.wikidata.org/entity/Q8441}"
"{name:angiogram,cuid:C0002978}","{name:man,wikidataID:http://www.wikidata.org/entity/Q8441}"
{name:Lipoprotein (a) Blood Test},"{name:tobacco smoking,wikidataID:http://www.wikidata.org/entity/Q7212330}"
"{name:C-reactive protein level,cuid:C0428528}","{name:tobacco smoking,wikidataID:http://www.wikidata.org/entity/Q7212330}"
"{name:diagnostic procedure,cuid:C0430022}","{name:tobacco smoking,wikidataID:http://www.wikidata.org/entity/Q7212330}"
"{name:Kidney biopsy,cuid:C0194073}","{name:tobacco smoking,wikidataID:http://www.wikidata.org/entity/Q7212330}"
"{name:Ultrasonography,cuid:C0041618}","{name:tobacco smoking,wikidataID:http://www.wikidata.org/entity/Q7212330}"
"{name:biopsy,wikidataID:http://www.wikidata.org/entity/Q179991}","{name:tobacco smoking,wikidataID:http://www.wikidata.org/entity/Q7212330}"
"{name:Electrocardiogram,cuid:C0013798}","{name:tobacco smoking,wikidataID:http://www.wikidata.org/entity/Q7212330}"
"{name:Ultrasonography, Intravascular,cuid:C0206520}","{name:tobacco smoking,wikidataID:http://www.wikidata.org/entity/Q7212330}"
"{name:Arteriography,cuid:C0003844}","{name:tobacco smoking,wikidataID:http://www.wikidata.org/entity/Q7212330}"
"{name:Autopsy,cuid:C0004398}","{name:tobacco smoking,wikidataID:http://www.wikidata.org/entity/Q7212330}"
"{name:tomography,cuid:C0040395}","{name:tobacco smoking,wikidataID:http://www.wikidata.org/entity/Q7212330}"
"{name:Biopsy of skin procedure,cuid:C0150866}","{name:tobacco smoking,wikidataID:http://www.wikidata.org/entity/Q7212330}"
"{name:angiogram,cuid:C0002978}","{name:tobacco smoking,wikidataID:http://www.wikidata.org/entity/Q7212330}"