﻿d2
"{name:congestive heart failure,doid:DOID:6000,description:heart disease that is characterized by any structural or functional cardiac disorder that impairs the ability of the heart to fill with or pump a sufficient amount of blood throughout the body,cuid:C0018801,wikidataID:http://www.wikidata.org/entity/Q19000661}"
"{name:anasarca,description:medical condition characterized by widespread swelling,wikidataID:http://www.wikidata.org/entity/Q486485}"
"{name:myocardial infarction,description:interruption of blood supply to a part of the heart,cuid:C0027051,wikidataID:http://www.wikidata.org/entity/Q12152}"
"{name:open-angle glaucoma,description:glaucoma characterized by optic nerve damage resulting in progressive loss of visual field and increased pressure in the eye due to trabecular blockage,cuid:C0017612,wikidataID:http://www.wikidata.org/entity/Q3108586}"
"{name:nephrotic syndrome,description:Human disease,cuid:C0027726,wikidataID:http://www.wikidata.org/entity/Q504790}"